Grade 4 Forge Standards Framework,,,,,,,,,,,,,,,,,,,,,,,
"Competency-sized outcomes with explicit source alignment, evidence expectations, and vertical progression. Filterable working draft.",,,,,,,,,,,,,,,,,,,,,,,
,,,,,,,,,,,,,,,,,,,,,,,
Forge Standard ID,Grade,Grade Band,Subject,Domain / Strand,Forge Standard,Description,Learning Target — I Can,Essential Question,Priority,Tennessee Standard(s),Common Core,NGSS,NSQ Online Course,TN Alignment,National Alignment,Alignment Rationale,Prerequisite Anchor,Next / Acceleration Anchor,Suggested Evidence / Performance Task,Source Document / Page,Review Status,Final Approver,Crosswalk Links
FF.G4.ELA.01,4,Grades 4–5,English Language Arts,Foundational Skills,Read fluently for meaning,"Read grade-level text accurately, at an appropriate rate, and with expression that supports comprehension.","I can read grade-level text accurately and fluently, then explain how my reading supports meaning.",How does fluent reading help a reader understand and communicate meaning?,Essential,4.FL.F.5,CCSS.ELA-LITERACY.RF.4.4,Not Applicable,B1; B2; C2; D1; D2; D4,Direct,Direct,"Both standards require accurate, purposeful oral reading that supports comprehension.",Grade 3 fluency and decoding,Grade 5 fluency with increasingly complex text,Recorded reading with accuracy/rate rubric plus oral comprehension conference,TN ELA PDF p.13; CCSS ELA Grade 4 RF,Draft—Head of School Review,Head of School,8
FF.G4.ELA.02,4,Grades 4–5,English Language Arts,Language,Use standard grammar and usage,Apply grade-appropriate grammar and usage when speaking and writing.,"I can use complete sentences, correct verb forms, pronouns, modifiers, and conjunctions in my speaking and writing.",How do language choices make ideas precise and understandable?,Essential,4.FL.SC.6,CCSS.ELA-LITERACY.L.4.1,Not Applicable,B1; B2; C2; D1; D2; D4,Direct,Direct,TN and CCSS expectations address command of grade-level grammar and usage.,Grade 3 grammar and sentence conventions,"Grade 5 grammar, verb tense, and sentence complexity",Edit an authentic draft and explain three grammar revisions,TN ELA PDF pp.14–15; CCSS ELA Grade 4 L,Draft—Head of School Review,Head of School,8
FF.G4.ELA.03,4,Grades 4–5,English Language Arts,Language,"Apply capitalization, punctuation, and spelling","Use grade-appropriate conventions of capitalization, punctuation, and spelling in finished work.","I can edit my writing for capitalization, punctuation, and spelling and explain the rules I used.",How do conventions help a reader follow an author’s thinking?,Essential,4.FL.SC.6,CCSS.ELA-LITERACY.L.4.2,Not Applicable,B1; B2; C2; D1; D2; D4,Direct,Direct,TN embeds conventions within the language standard; CCSS separates conventions as L.4.2.,"Grade 3 capitalization, punctuation, and spelling",Grade 5 conventions and editing independence,Publish a revised paragraph with an annotated editing checklist,TN ELA PDF pp.14–15; CCSS ELA Grade 4 L,Draft—Head of School Review,Head of School,8
FF.G4.ELA.04,4,Grades 4–5,English Language Arts,Vocabulary,Determine word meaning in context,"Use context, word parts, and reference tools to determine meanings of unfamiliar and multiple-meaning words.","I can use context clues, roots and affixes, and reference tools to determine a word’s meaning.",What strategies help readers unlock unfamiliar words?,Essential,4.FL.VA.7a,CCSS.ELA-LITERACY.L.4.4,Not Applicable,B1; B2; C2; D1; D2; D4,Direct,Direct,"The frameworks share context, morphology, and reference-tool strategies.",Grade 3 context clues and affixes,Grade 5 Greek/Latin roots and nuanced context,Vocabulary think-aloud using three different strategies,TN ELA PDF p.16; CCSS ELA Grade 4 L,Draft—Head of School Review,Head of School,8
FF.G4.ELA.05,4,Grades 4–5,English Language Arts,Vocabulary,Interpret figurative language and word relationships,"Explain similes, metaphors, idioms, antonyms, synonyms, and shades of meaning.",I can explain figurative language and compare the meanings of related words.,How does figurative and precise language shape a reader’s understanding?,Supporting,4.FL.VA.7b,CCSS.ELA-LITERACY.L.4.5,Not Applicable,B1; B2; C2; D1; D2; D4,Direct,Direct,"Both standards address figurative language, relationships, and nuances in meaning.",Grade 3 literal/nonliteral meaning,Grade 5 figurative language and word nuance,Create and explain a figurative-language mini anthology,TN ELA PDF p.16; CCSS ELA Grade 4 L,Draft—Head of School Review,Head of School,8
FF.G4.ELA.06,4,Grades 4–5,English Language Arts,Vocabulary,Acquire academic and domain vocabulary,Use grade-appropriate academic and subject-specific words accurately in speaking and writing.,I can use new academic and domain-specific vocabulary accurately in discussion and writing.,How does precise vocabulary strengthen communication across subjects?,Essential,4.FL.VA.7c,CCSS.ELA-LITERACY.L.4.6,Not Applicable,B1; B2; C2; D1; D2; D4,Direct,Direct,Both frameworks require accurate acquisition and use of general academic and domain vocabulary.,Grade 3 academic vocabulary,Grade 5 independent vocabulary acquisition,Use a curated word bank accurately in an explanatory product,TN ELA PDF p.16; CCSS ELA Grade 4 L,Draft—Head of School Review,Head of School,8
FF.G4.ELA.07,4,Grades 4–5,English Language Arts,Literature,Cite details and make inferences,Use details and examples from literary text to explain explicit meaning and support inferences.,I can refer to specific details and examples when I explain what a story says and infer.,How does evidence turn an interpretation into a convincing idea?,Essential,4.RL.KID.1,CCSS.ELA-LITERACY.RL.4.1,Not Applicable,B1; B2; C2; D1; D2; D4,Direct,Direct,The standards are substantively equivalent evidence-and-inference expectations.,Grade 3 text evidence,Grade 5 quoting accurately and inferring,Evidence-based response plus teacher conference,TN ELA PDF p.29; CCSS ELA Grade 4 RL,Draft—Head of School Review,Head of School,8
FF.G4.ELA.08,4,Grades 4–5,English Language Arts,Literature,Determine theme and summarize,Determine a literary theme from details and provide an objective summary.,I can determine a theme from story details and summarize the text without adding my opinion.,How do details reveal a text’s larger message?,Essential,4.RL.KID.2,CCSS.ELA-LITERACY.RL.4.2,Not Applicable,B1; B2; C2; D1; D2; D4,Direct,Direct,Both require theme determination and summary grounded in details.,Grade 3 central message and recount,Grade 5 theme comparison and objective summary,Theme evidence map and concise summary,TN ELA PDF p.30; CCSS ELA Grade 4 RL,Draft—Head of School Review,Head of School,8
FF.G4.ELA.09,4,Grades 4–5,English Language Arts,Literature,Analyze story elements,"Describe characters, settings, and events in depth using specific details.","I can describe how a character, setting, or event develops by using specific details.",How do story elements interact to shape a narrative?,Essential,4.RL.KID.3,CCSS.ELA-LITERACY.RL.4.3,Not Applicable,B1; B2; C2; D1; D2; D4,Direct,Direct,Both focus on in-depth description using textual evidence.,Grade 3 character traits and event sequence,Grade 5 comparison of story elements,Character-change analysis with cited details,TN ELA PDF p.31; CCSS ELA Grade 4 RL,Draft—Head of School Review,Head of School,8
FF.G4.ELA.10,4,Grades 4–5,English Language Arts,Literature,"Analyze literary craft, structure, and viewpoint","Interpret words and phrases, distinguish structural forms, and compare points of view in literature.","I can explain how an author’s word choice, structure, and point of view shape a literary text.",How do an author’s craft choices influence the experience of a story or poem?,Essential,4.RL.CS.4; 4.RL.CS.5; 4.RL.CS.6,CCSS.ELA-LITERACY.RL.4.4; CCSS.ELA-LITERACY.RL.4.5; CCSS.ELA-LITERACY.RL.4.6,Not Applicable,B1; B2; C2; D1; D2; D4,Direct,Direct,"TN and CCSS align across vocabulary, structural form, and narrative point of view.","Grade 3 word meaning, parts of text, viewpoint","Grade 5 figurative language, structure, narrator perspective",Comparative craft commentary on two short texts,TN ELA PDF pp.33–35; CCSS ELA Grade 4 RL,Draft—Head of School Review,Head of School,12
FF.G4.ELA.11,4,Grades 4–5,English Language Arts,Literature,Integrate representations and compare texts,Connect visual or oral representations to a text and compare treatment of similar themes or topics.,I can compare how a story’s ideas are presented across versions and across related texts.,What changes—and what stays important—when a story is told in another form?,Supporting,4.RL.IKI.7; 4.RL.IKI.9,CCSS.ELA-LITERACY.RL.4.7; CCSS.ELA-LITERACY.RL.4.9,Not Applicable,B1; B2; C2; D1; D2; D4,Direct,Direct,Both frameworks ask learners to integrate versions and compare related literary texts.,Grade 3 illustration-text connections and theme comparison,Grade 5 multimedia analysis and genre comparison,Compare a written story with a performance or visual version,"TN ELA PDF pp.36,39; CCSS ELA Grade 4 RL",Draft—Head of School Review,Head of School,10
FF.G4.ELA.12,4,Grades 4–5,English Language Arts,Informational Text,"Explain evidence, main idea, and relationships","Use evidence to explain a text’s main idea, key details, events, procedures, ideas, and concepts.",I can cite details to explain the main idea and relationships among ideas or events in an informational text.,How do readers build an accurate explanation from informational text?,Essential,4.RI.KID.1; 4.RI.KID.2; 4.RI.KID.3,CCSS.ELA-LITERACY.RI.4.1; CCSS.ELA-LITERACY.RI.4.2; CCSS.ELA-LITERACY.RI.4.3,Not Applicable,B1; B2; C2; D1; D2; D4,Direct,Direct,"TN and CCSS expectations align for evidence, main idea, summary, and explanatory relationships.",Grade 3 informational evidence and main idea,Grade 5 multiple main ideas and relationships,"Annotated article, evidence chart, and oral explanation",TN ELA PDF pp.29–31; CCSS ELA Grade 4 RI,Draft—Head of School Review,Head of School,12
FF.G4.ELA.13,4,Grades 4–5,English Language Arts,Informational Text,"Analyze informational craft, structure, and accounts","Determine domain word meaning, explain text structure, and compare firsthand and secondhand accounts.","I can explain how vocabulary, structure, and viewpoint shape an informational account.",How does the way information is organized influence what a reader understands?,Essential,4.RI.CS.4; 4.RI.CS.5; 4.RI.CS.6,CCSS.ELA-LITERACY.RI.4.4; CCSS.ELA-LITERACY.RI.4.5; CCSS.ELA-LITERACY.RI.4.6,Not Applicable,B1; B2; C2; D1; D2; D4,Direct,Direct,"The standards align on domain vocabulary, common structures, and comparison of accounts.",Grade 3 informational features and viewpoints,Grade 5 multiple accounts and complex structures,Compare two accounts using a structure-and-viewpoint matrix,TN ELA PDF pp.33–35; CCSS ELA Grade 4 RI,Draft—Head of School Review,Head of School,12
FF.G4.ELA.14,4,Grades 4–5,English Language Arts,Informational Text,Integrate visual evidence and multiple sources,"Interpret visual or quantitative information, explain an author’s evidence, and integrate two texts on one topic.","I can combine words, visuals, data, and multiple sources to explain a topic and evaluate support.",How do multiple forms and sources of evidence deepen understanding?,Essential,4.RI.IKI.7; 4.RI.IKI.8; 4.RI.IKI.9,CCSS.ELA-LITERACY.RI.4.7; CCSS.ELA-LITERACY.RI.4.8; CCSS.ELA-LITERACY.RI.4.9,Not Applicable,B1; B2; C2; D1; D2; D4,Direct,Direct,"Both frameworks require multimodal interpretation, reasoning/evidence analysis, and source integration.",Grade 3 image-text integration and reasons,Grade 5 multi-source synthesis and evidence analysis,Two-source explanatory brief with a chart or diagram,"TN ELA PDF pp.36,38–39; CCSS ELA Grade 4 RI",Draft—Head of School Review,Head of School,12
FF.G4.ELA.15,4,Grades 4–5,English Language Arts,Reading Range,Read and comprehend grade-level literature and information,Independently and proficiently comprehend an appropriate range of Grade 4 literary and informational texts.,I can independently read and understand a range of Grade 4 literary and informational texts.,How do readers choose strategies that sustain comprehension as texts become more complex?,Essential,4.RL.RRTC.10; 4.RI.RRTC.10,CCSS.ELA-LITERACY.RL.4.10; CCSS.ELA-LITERACY.RI.4.10,Not Applicable,B1; B2; C2; D1; D2; D4,Direct,Direct,"Both frameworks establish range, complexity, and independent comprehension expectations.",Grade 3 text complexity and stamina,Grade 5 text complexity and independence,Reading portfolio with conferences across genres,TN ELA PDF p.42; CCSS ELA Grade 4 RL/RI,Draft—Head of School Review,Head of School,10
FF.G4.ELA.16,4,Grades 4–5,English Language Arts,Speaking and Listening,Collaborate and evaluate spoken information,"Prepare for discussions, build on others’ ideas, paraphrase information, and identify a speaker’s reasons and evidence.","I can contribute prepared ideas, paraphrase others, ask useful questions, and evaluate a speaker’s support.",What makes a discussion both productive and respectful?,Essential,4.SL.CC.1; 4.SL.CC.2; 4.SL.CC.3,CCSS.ELA-LITERACY.SL.4.1; CCSS.ELA-LITERACY.SL.4.2; CCSS.ELA-LITERACY.SL.4.3,Not Applicable,B1; B2; C2; D1; D2; D4,Direct,Direct,"The standards align on collaborative discourse, paraphrasing, and evaluation of reasons/evidence.",Grade 3 collaborative discussion and questioning,Grade 5 synthesis and discussion leadership,Recorded seminar with self-reflection and evidence notes,TN ELA PDF pp.45–48; CCSS ELA Grade 4 SL,Draft—Head of School Review,Head of School,12
FF.G4.ELA.17,4,Grades 4–5,English Language Arts,Speaking and Listening,Present clearly with appropriate media and register,"Report ideas in a logical sequence, use multimedia purposefully, and adapt speech to context.","I can present information clearly, add media that improves understanding, and use language suited to the situation.","How do presenters make ideas clear, engaging, and appropriate for an audience?",Essential,4.SL.PKI.4; 4.SL.PKI.5; 4.SL.PKI.6,CCSS.ELA-LITERACY.SL.4.4; CCSS.ELA-LITERACY.SL.4.5; CCSS.ELA-LITERACY.SL.4.6,Not Applicable,B1; B2; C2; D1; D2; D4,Direct,Direct,"TN and CCSS align for organized presentation, multimedia support, and register.",Grade 3 organized oral reports,Grade 5 evidence-rich presentation and adaptation,Live or recorded presentation with purposeful visual support,TN ELA PDF pp.49–51; CCSS ELA Grade 4 SL,Draft—Head of School Review,Head of School,12
FF.G4.ELA.18,4,Grades 4–5,English Language Arts,Writing,Write evidence-based opinions,"Write a clear opinion supported by logically ordered reasons, facts, linking language, and a conclusion.",I can state an opinion and support it with organized reasons and relevant evidence.,What makes an opinion convincing to a reader?,Essential,4.W.TTP.1,CCSS.ELA-LITERACY.W.4.1,Not Applicable,B1; B2; C2; D1; D2; D4,Direct,Direct,"Both standards specify claim, reasons, evidence, organization, and closure.",Grade 3 opinion writing,Grade 5 evidence development and counterpoint awareness,Published opinion piece with source-based evidence,TN ELA PDF pp.55–57; CCSS ELA Grade 4 W,Draft—Head of School Review,Head of School,8
FF.G4.ELA.19,4,Grades 4–5,English Language Arts,Writing,Write informative explanations,"Develop a topic with facts, definitions, details, precise language, transitions, formatting, and a conclusion.","I can organize accurate information and explain a topic clearly using facts, details, and domain vocabulary.",How do writers transform information into clear understanding?,Essential,4.W.TTP.2,CCSS.ELA-LITERACY.W.4.2,Not Applicable,B1; B2; C2; D1; D2; D4,Direct,Direct,"TN and CCSS align on informative organization, development, language, and closure.",Grade 3 informative writing,Grade 5 multi-paragraph explanation with varied evidence,Multimodal explanatory article with cited sources,TN ELA PDF pp.58–60; CCSS ELA Grade 4 W,Draft—Head of School Review,Head of School,8
FF.G4.ELA.20,4,Grades 4–5,English Language Arts,Writing,Craft effective narratives,"Develop real or imagined experiences using sequence, description, dialogue, transitions, and an effective conclusion.","I can craft a coherent narrative with developed characters, events, details, and a satisfying conclusion.",How do writers make an experience vivid and meaningful?,Essential,4.W.TTP.3,CCSS.ELA-LITERACY.W.4.3,Not Applicable,B1; B2; C2; D1; D2; D4,Direct,Direct,"Both standards describe narrative technique, sequence, detail, and closure.",Grade 3 narrative sequence and detail,"Grade 5 pacing, description, and narrative technique",Narrative portfolio piece with author’s craft reflection,TN ELA PDF pp.61–62; CCSS ELA Grade 4 W,Draft—Head of School Review,Head of School,8
FF.G4.ELA.21,4,Grades 4–5,English Language Arts,Writing Process,"Plan, revise, edit, and publish coherent writing","Produce writing appropriate to task, purpose, and audience; strengthen it through planning, feedback, revision, editing, and digital production.","I can improve a draft through planning, feedback, revision, editing, and purposeful publishing choices.",How does revision turn a first idea into effective communication?,Essential,4.W.PDW.4; 4.W.PDW.5,CCSS.ELA-LITERACY.W.4.4; CCSS.ELA-LITERACY.W.4.5; CCSS.ELA-LITERACY.W.4.6,Not Applicable,B1; B2; C2; D1; D2; D4,Direct,Direct,The frameworks align on coherent production and revision; CCSS explicitly names digital production.,Grade 3 guided writing process,Grade 5 increasing independence and collaboration,Before/after writing samples with revision memo,TN ELA PDF pp.63–64; CCSS ELA Grade 4 W,Draft—Head of School Review,Head of School,11
FF.G4.ELA.22,4,Grades 4–5,English Language Arts,Research,"Research, evaluate sources, and use evidence","Conduct short research, gather and categorize information, take notes, cite sources, and draw evidence from texts.","I can investigate a focused question, organize reliable information, cite sources, and use evidence in my product.",How do researchers turn questions and sources into trustworthy knowledge?,Essential,4.W.RBPK.7; 4.W.RBPK.8; 4.W.RBPK.9,CCSS.ELA-LITERACY.W.4.7; CCSS.ELA-LITERACY.W.4.8; CCSS.ELA-LITERACY.W.4.9,Not Applicable,B1; B2; C2; D1; D2; D4,Direct,Direct,"TN and CCSS share research, note-taking, source use, and text-evidence expectations.",Grade 3 short research and note-taking,Grade 5 multi-source inquiry and evidence integration,"Inquiry project with source log, notes, citations, and product",TN ELA PDF pp.66–68; CCSS ELA Grade 4 W,Draft—Head of School Review,Head of School,12
FF.G4.ELA.23,4,Grades 4–5,English Language Arts,Writing Range,Write routinely for varied purposes and time frames,"Build writing fluency through sustained and shorter writing for multiple tasks, purposes, and audiences.",I can write regularly in short and extended time frames for different purposes and audiences.,How does regular writing practice develop a writer’s independence and voice?,Supporting,4.W.RW.10,CCSS.ELA-LITERACY.W.4.10,Not Applicable,B1; B2; C2; D1; D2; D4,Direct,Direct,"Both standards require routine writing across time frames, purposes, and audiences.",Grade 3 routine writing,Grade 5 sustained independent writing,Curated writing portfolio showing range and growth,TN ELA PDF p.69; CCSS ELA Grade 4 W,Draft—Head of School Review,Head of School,8
FF.G4.MATH.01,4,Grades 4–5,Mathematics,Operations & Algebraic Thinking,Interpret multiplicative comparison,Interpret and represent multiplication equations as comparisons.,I can explain and write equations that show one quantity is a number of times another.,How can multiplication describe a comparison?,Essential,4.OA.A.1,CCSS.MATH.CONTENT.4.OA.A.1,Not Applicable,B1; B2; C2; D1; D2; D4,Direct,Direct,The Tennessee and Common Core Grade 4 standards share the same domain and substantially aligned performance expectation.,Grade 3 multiplication meaning,5.OA.A.1–2 numerical expressions,Comparison model and explanation,TN Math 2021 PDF p.48,Draft—Head of School Review,Head of School,8
FF.G4.MATH.02,4,Grades 4–5,Mathematics,Operations & Algebraic Thinking,Solve multiplicative comparison problems,Multiply or divide in context and distinguish multiplicative from additive comparison.,I can solve multiplicative comparison problems and explain why the comparison is multiplicative.,How can a situation tell us whether to add or multiply?,Essential,4.OA.A.2,CCSS.MATH.CONTENT.4.OA.A.2,Not Applicable,B1; B2; C2; D1; D2; D4,Direct,Direct,The Tennessee and Common Core Grade 4 standards share the same domain and substantially aligned performance expectation.,3.OA.A.3,5.NBT.B.5–6,Context problem set with oral defense,TN Math 2021 PDF p.48,Draft—Head of School Review,Head of School,8
FF.G4.MATH.03,4,Grades 4–5,Mathematics,Operations & Algebraic Thinking,Solve multistep whole-number problems,"Use all four operations, equations, and contextual interpretation of remainders.","I can solve a multistep problem, represent the unknown, and interpret any remainder in context.",How do models and equations organize multistep reasoning?,Essential,4.OA.A.3,CCSS.MATH.CONTENT.4.OA.A.3,Not Applicable,B1; B2; C2; D1; D2; D4,Direct,Direct,The Tennessee and Common Core Grade 4 standards share the same domain and substantially aligned performance expectation.,3.OA.D.8,5.OA.A.1–2,Authentic budget or logistics problem,TN Math 2021 PDF p.48,Draft—Head of School Review,Head of School,8
FF.G4.MATH.04,4,Grades 4–5,Mathematics,Operations & Algebraic Thinking,"Analyze factors, multiples, primes, and composites",Find factor pairs and classify numbers by multiplicative properties.,"I can find factor pairs and determine whether a number is prime, composite, or a multiple.",What do factors reveal about the structure of a number?,Essential,4.OA.B.4,CCSS.MATH.CONTENT.4.OA.B.4,Not Applicable,B1; B2; C2; D1; D2; D4,Direct,Direct,The Tennessee and Common Core Grade 4 standards share the same domain and substantially aligned performance expectation.,3.OA.C.7,5.NF.B.4,Factor investigation and classification justification,TN Math 2021 PDF p.48,Draft—Head of School Review,Head of School,8
FF.G4.MATH.05,4,Grades 4–5,Mathematics,Operations & Algebraic Thinking,Generate and analyze patterns,Generate number or shape patterns from rules and explain features not stated in the rule.,I can generate a pattern from a rule and explain a feature I notice.,How can a rule create predictable—and surprising—patterns?,Essential,4.OA.C.5,CCSS.MATH.CONTENT.4.OA.C.5,Not Applicable,B1; B2; C2; D1; D2; D4,Direct,Direct,The Tennessee and Common Core Grade 4 standards share the same domain and substantially aligned performance expectation.,3.OA.D.9,5.OA.B.3,Pattern rule presentation with conjecture,TN Math 2021 PDF p.48,Draft—Head of School Review,Head of School,8
FF.G4.MATH.06,4,Grades 4–5,Mathematics,Number & Operations—Base Ten,Reason about place-value relationships,Explain why a digit represents ten times the value of the same digit one place to its right.,"I can use models and equations to explain ten-times place-value relationships through 1,000,000.",Why does moving one place change a digit’s value by a factor of ten?,Essential,4.NBT.A.1,CCSS.MATH.CONTENT.4.NBT.A.1,Not Applicable,B1; B2; C2; D1; D2; D4,Direct,Direct,The Tennessee and Common Core Grade 4 standards share the same domain and substantially aligned performance expectation.,3.NBT.A.1,5.NBT.A.1,Place-value model and written explanation,TN Math 2021 PDF p.49,Draft—Head of School Review,Head of School,8
FF.G4.MATH.07,4,Grades 4–5,Mathematics,Number & Operations—Base Ten,"Read, write, and compare whole numbers","Represent numbers through 1,000,000 in standard, word, and expanded forms and compare them.","I can read, write, expand, and compare multi-digit whole numbers.",How do multiple representations show the value of a number?,Essential,4.NBT.A.2,CCSS.MATH.CONTENT.4.NBT.A.2,Not Applicable,B1; B2; C2; D1; D2; D4,Direct,Direct,The Tennessee and Common Core Grade 4 standards share the same domain and substantially aligned performance expectation.,3.NBT.A.1,5.NBT.A.3,Number representation portfolio,TN Math 2021 PDF p.49,Draft—Head of School Review,Head of School,8
FF.G4.MATH.08,4,Grades 4–5,Mathematics,Number & Operations—Base Ten,Round whole numbers using place value,Round through the hundred-thousands place and justify the result with a number line.,I can round a multi-digit number to any place and justify it on a number line.,How does rounding communicate a useful approximation?,Essential,4.NBT.A.3,CCSS.MATH.CONTENT.4.NBT.A.3,Not Applicable,B1; B2; C2; D1; D2; D4,Direct,Direct,The Tennessee and Common Core Grade 4 standards share the same domain and substantially aligned performance expectation.,3.NBT.A.1,5.NBT.A.4,Rounding explanation using open number lines,TN Math 2021 PDF p.49,Draft—Head of School Review,Head of School,8
FF.G4.MATH.09,4,Grades 4–5,Mathematics,Number & Operations—Base Ten,Add and subtract fluently,"Fluently add and subtract whole numbers within 1,000,000 using efficient strategies and algorithms.","I can accurately and efficiently add and subtract within 1,000,000 and check my result.",What makes a computation strategy both efficient and reliable?,Essential,4.NBT.B.4,CCSS.MATH.CONTENT.4.NBT.B.4,Not Applicable,B1; B2; C2; D1; D2; D4,Direct,Direct,The Tennessee and Common Core Grade 4 standards share the same domain and substantially aligned performance expectation.,3.NBT.A.2,5.NBT.B.5,Fluency check plus error analysis,TN Math 2021 PDF p.49,Draft—Head of School Review,Head of School,8
FF.G4.MATH.10,4,Grades 4–5,Mathematics,Number & Operations—Base Ten,Multiply multi-digit whole numbers,Multiply up to four digits by one digit and two digits by two digits using place-value reasoning.,"I can multiply multi-digit numbers and explain my method with equations, arrays, or area models.",How do place value and properties make multi-digit multiplication work?,Essential,4.NBT.B.5,CCSS.MATH.CONTENT.4.NBT.B.5,Not Applicable,B1; B2; C2; D1; D2; D4,Direct,Direct,The Tennessee and Common Core Grade 4 standards share the same domain and substantially aligned performance expectation.,3.OA.C.7,5.NBT.B.5,Model-method comparison and application problem,TN Math 2021 PDF p.49,Draft—Head of School Review,Head of School,8
FF.G4.MATH.11,4,Grades 4–5,Mathematics,Number & Operations—Base Ten,Divide multi-digit whole numbers,Find quotients and remainders with four-digit dividends and one-digit divisors using models and reasoning.,"I can divide a multi-digit number, explain my strategy, and interpret the remainder.","How are multiplication, division, and place value connected?",Essential,4.NBT.B.6,CCSS.MATH.CONTENT.4.NBT.B.6,Not Applicable,B1; B2; C2; D1; D2; D4,Direct,Direct,The Tennessee and Common Core Grade 4 standards share the same domain and substantially aligned performance expectation.,3.OA.B.6,5.NBT.B.6,Division model and contextual application,TN Math 2021 PDF p.49,Draft—Head of School Review,Head of School,8
FF.G4.MATH.12,4,Grades 4–5,Mathematics,Fractions,Generate equivalent fractions,Use visual models and multiplicative reasoning to explain and generate equivalent fractions.,I can generate equivalent fractions and explain why their values are equal.,How can fractions look different but represent the same amount?,Essential,4.NF.A.1,CCSS.MATH.CONTENT.4.NF.A.1,Not Applicable,B1; B2; C2; D1; D2; D4,Direct,Direct,The Tennessee and Common Core Grade 4 standards share the same domain and substantially aligned performance expectation.,3.NF.A.3,5.NF.A.1,Equivalent-fraction proof with visual model,TN Math 2021 PDF p.50,Draft—Head of School Review,Head of School,8
FF.G4.MATH.13,4,Grades 4–5,Mathematics,Fractions,Compare fractions,"Compare fractions using common numerators, denominators, or benchmarks and justify comparisons.",I can compare two fractions that refer to the same whole and justify my comparison.,Which representation makes a fraction comparison convincing?,Essential,4.NF.A.2,CCSS.MATH.CONTENT.4.NF.A.2,Not Applicable,B1; B2; C2; D1; D2; D4,Direct,Direct,The Tennessee and Common Core Grade 4 standards share the same domain and substantially aligned performance expectation.,3.NF.A.3,5.NF.A.1–2,Fraction comparison argument,TN Math 2021 PDF p.50,Draft—Head of School Review,Head of School,8
FF.G4.MATH.14,4,Grades 4–5,Mathematics,Fractions,"Compose, decompose, and operate with like-denominator fractions","Represent fractions as sums, add and subtract like denominators, and solve contextual problems.","I can compose, decompose, add, and subtract fractions with like denominators and explain my reasoning.",How can unit fractions help us reason about larger fractions?,Essential,4.NF.B.3,CCSS.MATH.CONTENT.4.NF.B.3,Not Applicable,B1; B2; C2; D1; D2; D4,Direct,Direct,The Tennessee and Common Core Grade 4 standards share the same domain and substantially aligned performance expectation.,3.NF.A.1,5.NF.A.1–2,Fraction decomposition gallery and application,TN Math 2021 PDF pp.50–51,Draft—Head of School Review,Head of School,8
FF.G4.MATH.15,4,Grades 4–5,Mathematics,Fractions,Multiply a fraction by a whole number,Use repeated addition and visual models to multiply a whole number by a fraction in context.,I can multiply a fraction by a whole number and represent the product with a model and equation.,How is fraction multiplication connected to repeated addition?,Essential,4.NF.B.4,CCSS.MATH.CONTENT.4.NF.B.4,Not Applicable,B1; B2; C2; D1; D2; D4,Direct,Direct,The Tennessee and Common Core Grade 4 standards share the same domain and substantially aligned performance expectation.,3.OA.A.1,5.NF.B.4,Visual-model solution to a contextual problem,TN Math 2021 PDF pp.50–51,Draft—Head of School Review,Head of School,8
FF.G4.MATH.16,4,Grades 4–5,Mathematics,Fractions & Decimals,Relate tenths and hundredths,Express tenths as equivalent hundredths and add fractions with denominators 10 and 100.,I can rename tenths as hundredths and use equivalence to add them.,How does equivalence connect tenths and hundredths?,Essential,4.NF.C.5,CCSS.MATH.CONTENT.4.NF.C.5,Not Applicable,B1; B2; C2; D1; D2; D4,Direct,Direct,The Tennessee and Common Core Grade 4 standards share the same domain and substantially aligned performance expectation.,4.NF.A.1,5.NBT.A.3,Decimal-grid explanation and computation,TN Math 2021 PDF p.51,Draft—Head of School Review,Head of School,8
FF.G4.MATH.17,4,Grades 4–5,Mathematics,Fractions & Decimals,Represent decimal fractions,"Read, write, and locate decimals representing tenths and hundredths.",I can represent tenths and hundredths as decimals and locate them on a number line.,How do decimals express fractional quantities?,Essential,4.NF.C.6,CCSS.MATH.CONTENT.4.NF.C.6,Not Applicable,B1; B2; C2; D1; D2; D4,Direct,Direct,The Tennessee and Common Core Grade 4 standards share the same domain and substantially aligned performance expectation.,4.NF.C.5,5.NBT.A.3,Decimal number-line task,TN Math 2021 PDF p.51,Draft—Head of School Review,Head of School,8
FF.G4.MATH.18,4,Grades 4–5,Mathematics,Fractions & Decimals,Compare decimals to hundredths,Compare decimals that refer to the same whole and justify with place-value reasoning.,I can compare decimals to hundredths and justify my conclusion.,Why must decimal comparisons refer to the same whole?,Essential,4.NF.C.7,CCSS.MATH.CONTENT.4.NF.C.7,Not Applicable,B1; B2; C2; D1; D2; D4,Direct,Direct,The Tennessee and Common Core Grade 4 standards share the same domain and substantially aligned performance expectation.,4.NF.C.6,5.NBT.A.3,Decimal comparison claim-evidence-reasoning,TN Math 2021 PDF p.51,Draft—Head of School Review,Head of School,8
FF.G4.MATH.19,4,Grades 4–5,Mathematics,Measurement & Data,Measure and estimate within systems,"Determine relative sizes of customary and metric units for length, volume, and mass/weight.","I can choose, measure, estimate, and compare units within one measurement system.",How does unit size affect a measurement?,Essential,4.MD.A.1,CCSS.MATH.CONTENT.4.MD.A.1,Not Applicable,B1; B2; C2; D1; D2; D4,Direct,Direct,The Tennessee and Common Core Grade 4 standards share the same domain and substantially aligned performance expectation.,3.MD.A.2,5.MD.A.1,Measurement investigation with estimation error,TN Math 2021 PDF p.51,Draft—Head of School Review,Head of School,8
FF.G4.MATH.20,4,Grades 4–5,Mathematics,Measurement & Data,Solve measurement problems,"Use all four operations to solve one- and two-step measurement problems involving length, volume, mass, time, or money.",I can solve and explain a multistep measurement problem within one system.,How do operations help solve real measurement decisions?,Essential,4.MD.A.2,CCSS.MATH.CONTENT.4.MD.A.2,Not Applicable,B1; B2; C2; D1; D2; D4,Direct,Direct,The Tennessee and Common Core Grade 4 standards share the same domain and substantially aligned performance expectation.,3.MD.A.1–2,5.MD.A.1,Real-world measurement design brief,TN Math 2021 PDF p.51,Draft—Head of School Review,Head of School,8
FF.G4.MATH.21,4,Grades 4–5,Mathematics,Measurement & Data,Apply area and perimeter formulas,Use rectangle area and perimeter formulas in mathematical and real-world contexts.,I can use area and perimeter formulas to find an unknown dimension and explain the relationship.,How can formulas help us design and solve spatial problems?,Essential,4.MD.A.3,CCSS.MATH.CONTENT.4.MD.A.3,Not Applicable,B1; B2; C2; D1; D2; D4,Direct,Direct,The Tennessee and Common Core Grade 4 standards share the same domain and substantially aligned performance expectation.,3.MD.C.7–8,5.MD.C.3–5,Room or garden design with constraints,TN Math 2021 PDF p.51,Draft—Head of School Review,Head of School,8
FF.G4.MATH.22,4,Grades 4–5,Mathematics,Measurement & Data,Represent fractional data on line plots,Create line plots with fractional measurements and solve problems using the displayed data.,I can make a line plot with fractional measurements and use it to solve a problem.,How can a graph reveal patterns and differences in measurement data?,Essential,4.MD.B.4,CCSS.MATH.CONTENT.4.MD.B.4,Not Applicable,B1; B2; C2; D1; D2; D4,Direct,Direct,The Tennessee and Common Core Grade 4 standards share the same domain and substantially aligned performance expectation.,3.MD.B.3–4,5.MD.B.2,Collect-measure-plot investigation,TN Math 2021 PDF p.51,Draft—Head of School Review,Head of School,8
FF.G4.MATH.23,4,Grades 4–5,Mathematics,Measurement & Data,Understand angle measurement,Explain angles as turns and as fractions of a circle measured in degrees.,I can explain what an angle measures and how degrees relate to a circle.,How does a turn become a measurable quantity?,Essential,4.MD.C.5,CCSS.MATH.CONTENT.4.MD.C.5,Not Applicable,B1; B2; C2; D1; D2; D4,Direct,Direct,The Tennessee and Common Core Grade 4 standards share the same domain and substantially aligned performance expectation.,3.G.A.1,5.G.B.3–4,Angle model and concept explanation,TN Math 2021 PDF p.52,Draft—Head of School Review,Head of School,8
FF.G4.MATH.24,4,Grades 4–5,Mathematics,Measurement & Data,Measure and draw angles,Use a protractor to measure and sketch angles to whole-number degrees.,I can measure and draw angles accurately with a protractor.,How can tools make geometric reasoning precise?,Essential,4.MD.C.6,CCSS.MATH.CONTENT.4.MD.C.6,Not Applicable,B1; B2; C2; D1; D2; D4,Direct,Direct,The Tennessee and Common Core Grade 4 standards share the same domain and substantially aligned performance expectation.,4.MD.C.5,5.G.B.3–4,Angle construction accuracy task,TN Math 2021 PDF p.52,Draft—Head of School Review,Head of School,8
FF.G4.MATH.25,4,Grades 4–5,Mathematics,Measurement & Data,Reason with additive angles,Decompose angles and use addition or subtraction to determine unknown measures.,I can find an unknown angle by decomposing a larger angle and writing an equation.,How can smaller angles help us reason about a whole angle?,Essential,4.MD.C.7,CCSS.MATH.CONTENT.4.MD.C.7,Not Applicable,B1; B2; C2; D1; D2; D4,Direct,Direct,The Tennessee and Common Core Grade 4 standards share the same domain and substantially aligned performance expectation.,4.MD.C.6,5.G.B.3–4,Unknown-angle puzzle with proof,TN Math 2021 PDF p.52,Draft—Head of School Review,Head of School,8
FF.G4.MATH.26,4,Grades 4–5,Mathematics,Geometry,Draw and identify geometric elements,"Draw and identify points, lines, segments, rays, angle types, and parallel and perpendicular lines.","I can draw, label, and identify geometric elements in two-dimensional figures.",How does precise geometric language describe space?,Essential,4.G.A.1,CCSS.MATH.CONTENT.4.G.A.1,Not Applicable,B1; B2; C2; D1; D2; D4,Direct,Direct,The Tennessee and Common Core Grade 4 standards share the same domain and substantially aligned performance expectation.,3.G.A.1,5.G.A.1–2,Annotated geometric design,TN Math 2021 PDF p.52,Draft—Head of School Review,Head of School,8
FF.G4.MATH.27,4,Grades 4–5,Mathematics,Geometry,Classify two-dimensional figures,Classify figures and triangles using line and angle properties.,"I can classify a two-dimensional figure using parallel lines, perpendicular lines, and angle measures.",How can one shape belong to more than one category?,Essential,4.G.A.2,CCSS.MATH.CONTENT.4.G.A.2,Not Applicable,B1; B2; C2; D1; D2; D4,Direct,Direct,The Tennessee and Common Core Grade 4 standards share the same domain and substantially aligned performance expectation.,3.G.A.1,5.G.B.3–4,Hierarchy of shapes with justification,TN Math 2021 PDF p.52,Draft—Head of School Review,Head of School,8
FF.G4.MATH.28,4,Grades 4–5,Mathematics,Geometry,Analyze line symmetry,Recognize and draw lines of symmetry in two-dimensional figures.,I can determine whether a figure has line symmetry and draw every line of symmetry.,What makes two parts of a figure mirror images?,Essential,4.G.A.3,CCSS.MATH.CONTENT.4.G.A.3,Not Applicable,B1; B2; C2; D1; D2; D4,Direct,Direct,The Tennessee and Common Core Grade 4 standards share the same domain and substantially aligned performance expectation.,3.G.A.1,5.G.B.3–4,Symmetry design and verification,TN Math 2021 PDF p.52,Draft—Head of School Review,Head of School,8
FF.G4.SCI.01,4,Grades 4–5,Science,Physical Science—Energy,Relate speed and energy,Use evidence to explain how an object’s speed relates to its energy.,I can use evidence to explain how changing speed changes an object’s energy.,How does motion provide evidence of energy?,Essential,4.PS3.1,Not Applicable,4-PS3-1,B1; B2; C2; D1; D2; D4,Direct,Direct,"The Tennessee expectation is mapped to the closest NGSS 3–5 performance expectation; where grade labels differ, the shared DCI/practice is documented.",Grade 3 motion and forces,5.PS1 / advanced Grade 5 science pathway,Claim-evidence-reasoning from motion data,TN Science 2022 PDF p.41,Draft—Head of School Review,Head of School,8
FF.G4.SCI.02,4,Grades 4–5,Science,Physical Science—Energy,Investigate collision energy,Investigate how speed affects changes during a collision.,I can plan and use a fair test to show how speed affects the result of a collision.,How does energy transfer during a collision?,Essential,4.PS3.2,Not Applicable,4-PS3-3,B1; B2; C2; D1; D2; D4,Direct,Direct,"The Tennessee expectation is mapped to the closest NGSS 3–5 performance expectation; where grade labels differ, the shared DCI/practice is documented.",Grade 3 forces investigations,5.PS1 / advanced Grade 5 science pathway,Collision investigation report,TN Science 2022 PDF p.41,Draft—Head of School Review,Head of School,8
FF.G4.SCI.03,4,Grades 4–5,Science,Physical Science—Energy,Transform stored energy,Describe how stored energy changes form for practical use in a system.,I can model how stored energy is converted to another form in a useful system.,How can energy change form to accomplish a task?,Essential,4.PS3.3,Not Applicable,4-PS3-4,B1; B2; C2; D1; D2; D4,Direct,Direct,"The Tennessee expectation is mapped to the closest NGSS 3–5 performance expectation; where grade labels differ, the shared DCI/practice is documented.",Grade 3 forces and motion,5-PS1 and engineering applications,Energy-conversion model or device,TN Science 2022 PDF p.41,Draft—Head of School Review,Head of School,8
FF.G4.SCI.04,4,Grades 4–5,Science,Physical Science—Waves,Model wave properties,Model amplitude and wavelength and explain wave addition or cancellation.,"I can use a model to describe amplitude, wavelength, and what happens when waves cross.",How can a model make an invisible wave pattern understandable?,Essential,4.PS4.1,Not Applicable,4-PS4-1,B1; B2; C2; D1; D2; D4,Direct,Direct,"The Tennessee expectation is mapped to the closest NGSS 3–5 performance expectation; where grade labels differ, the shared DCI/practice is documented.",Grade 3 patterns,MS-PS4-1 extension after Grade 5 readiness,Wave model demonstration,TN Science 2022 PDF p.41,Draft—Head of School Review,Head of School,8
FF.G4.SCI.05,4,Grades 4–5,Science,Physical Science—Light,Explain color and bending of light,Explain how available light and bending of light determine what humans see.,I can use evidence and a model to explain how light sources and bending affect what we see.,How does light make vision possible?,Essential,4.PS4.2,Not Applicable,4-PS4-2,B1; B2; C2; D1; D2; D4,Direct,Direct,"The Tennessee expectation is mapped to the closest NGSS 3–5 performance expectation; where grade labels differ, the shared DCI/practice is documented.",Grade 3 observations of light,MS-PS4-2 extension after Grade 5 readiness,Light-path investigation and explanation,TN Science 2022 PDF p.41,Draft—Head of School Review,Head of School,8
FF.G4.SCI.06,4,Grades 4–5,Science,Physical Science—Information Transfer,Investigate lenses and wave technologies,Investigate how lenses enhance senses and devices use waves to transmit information.,I can explain how lenses and digital devices use waves to help people see or communicate.,How do technologies use wave behavior to extend human abilities?,Essential,4.PS4.3,Not Applicable,4-PS4-3,B1; B2; C2; D1; D2; D4,Direct,Direct,"The Tennessee expectation is mapped to the closest NGSS 3–5 performance expectation; where grade labels differ, the shared DCI/practice is documented.",Grade 3 communication technologies,MS-PS4-3 extension after Grade 5 readiness,Lens/device investigation or coded-message design,TN Science 2022 PDF p.41,Draft—Head of School Review,Head of School,8
FF.G4.SCI.07,4,Grades 4–5,Science,Life Science—Ecosystems,Model matter flow in food webs,"Model the flow of matter from sunlight through producers, consumers, and decomposers.",I can model and explain how matter moves through a food web.,How are organisms connected through matter and energy?,Essential,4.LS2.1,Not Applicable,5-LS2-1,B1; B2; C2; D1; D2; D4,Direct,Direct,"The Tennessee expectation is mapped to the closest NGSS 3–5 performance expectation; where grade labels differ, the shared DCI/practice is documented.",Grade 3 organism needs,5.LS2.1 and advanced Grade 5 science pathway,Food-web model with matter-flow explanation,TN Science 2022 PDF p.41,Draft—Head of School Review,Head of School,8
FF.G4.SCI.08,4,Grades 4–5,Science,Life Science—Ecosystems,Explain stable ecosystem roles,Evaluate how organism roles interconnect and support needs in a stable food web.,"I can use evidence to explain how producers, consumers, and decomposers depend on one another.",What keeps a food web stable?,Essential,4.LS2.2,Not Applicable,5-LS2-1,B1; B2; C2; D1; D2; D4,Direct,Direct,"The Tennessee expectation is mapped to the closest NGSS 3–5 performance expectation; where grade labels differ, the shared DCI/practice is documented.",Grade 3 habitats and survival,5.LS2.1 and advanced Grade 5 science pathway,Ecosystem role case analysis,TN Science 2022 PDF p.41,Draft—Head of School Review,Head of School,8
FF.G4.SCI.09,4,Grades 4–5,Science,Life Science—Ecosystems,Predict effects of species changes,Use models to determine how adding or removing a species can affect ecosystem balance.,I can use a model to predict how an ecosystem changes when a species enters or leaves.,How can one population change affect an entire system?,Essential,4.LS2.3,Not Applicable,3-LS4-4,B1; B2; C2; D1; D2; D4,Direct,Direct,"The Tennessee expectation is mapped to the closest NGSS 3–5 performance expectation; where grade labels differ, the shared DCI/practice is documented.",Grade 3 adaptation and survival,MS-LS2-4 extension after Grade 5 readiness,Species-change ecosystem simulation,TN Science 2022 PDF p.41,Draft—Head of School Review,Head of School,8
FF.G4.SCI.10,4,Grades 4–5,Science,Life Science—Environmental Change,Analyze organism responses to change,"Analyze data to explain how environmental change affects survival, reproduction, and movement.",I can analyze data to explain different ways organisms respond to environmental change.,Why do organisms respond differently when environments change?,Essential,4.LS2.4,Not Applicable,3-LS4-4,B1; B2; C2; D1; D2; D4,Direct,Direct,"The Tennessee expectation is mapped to the closest NGSS 3–5 performance expectation; where grade labels differ, the shared DCI/practice is documented.",Grade 3 inheritance and environment,MS-LS2-1/4 extension after Grade 5 readiness,Environmental-change data analysis,TN Science 2022 PDF p.41,Draft—Head of School Review,Head of School,8
FF.G4.SCI.11,4,Grades 4–5,Science,Life Science—Fossils,Use fossils as evidence of the past,Explain what fossils are and how they provide evidence about past environments and organisms.,I can use fossil evidence to describe an organism or environment from long ago.,How can remains from the past help reconstruct an environment?,Essential,4.LS4.1,Not Applicable,3-LS4-1,B1; B2; C2; D1; D2; D4,Direct,Direct,"The Tennessee expectation is mapped to the closest NGSS 3–5 performance expectation; where grade labels differ, the shared DCI/practice is documented.",Grade 3 life cycles and variation,5.ESS / advanced Grade 5 science pathway,Fossil evidence museum label,TN Science 2022 PDF p.42,Draft—Head of School Review,Head of School,8
FF.G4.SCI.12,4,Grades 4–5,Science,Earth Science—Landscapes,Explain landscape change over time,Use evidence to explain how erosion and deposition alter landscapes and create landforms.,I can support a claim about how erosion and deposition change a landscape over time.,How can slow processes produce major changes?,Essential,4.ESS1.1,Not Applicable,4-ESS1-1,B1; B2; C2; D1; D2; D4,Direct,Direct,"The Tennessee expectation is mapped to the closest NGSS 3–5 performance expectation; where grade labels differ, the shared DCI/practice is documented.",Grade 3 weather and land observations,5.ESS2 and advanced Grade 5 science pathway,Landscape sequence claim-evidence-reasoning,TN Science 2022 PDF p.42,Draft—Head of School Review,Head of School,8
FF.G4.SCI.13,4,Grades 4–5,Science,Earth Science—Geologic History,Order rock strata with fossil evidence,Use fossil location and rock layers to infer the relative order of strata.,I can use fossils and rock layers to determine which strata formed earlier or later.,How do layers preserve a timeline of Earth’s past?,Essential,4.ESS1.2,Not Applicable,4-ESS1-1,B1; B2; C2; D1; D2; D4,Direct,Direct,"The Tennessee expectation is mapped to the closest NGSS 3–5 performance expectation; where grade labels differ, the shared DCI/practice is documented.",Grade 3 fossil evidence,MS-ESS1-4 extension after Grade 5 readiness,Rock-column reconstruction,TN Science 2022 PDF p.42,Draft—Head of School Review,Head of School,8
FF.G4.SCI.14,4,Grades 4–5,Science,Earth Science—Weathering & Erosion,Investigate weathering and transport,Collect and analyze evidence that materials break down and move through natural processes.,I can use observations and data to explain how rock and soil break apart and move.,What causes Earth materials to change location and form?,Essential,4.ESS2.1,Not Applicable,4-ESS2-1,B1; B2; C2; D1; D2; D4,Direct,Direct,"The Tennessee expectation is mapped to the closest NGSS 3–5 performance expectation; where grade labels differ, the shared DCI/practice is documented.",Grade 3 water and land patterns,5.ESS2 and advanced Grade 5 science pathway,Weathering/erosion investigation,TN Science 2022 PDF p.42,Draft—Head of School Review,Head of School,8
FF.G4.SCI.15,4,Grades 4–5,Science,Earth Science—Earth Features,Analyze patterns in Earth features,"Use maps and reliable sources to identify patterns in mountains, trenches, volcanoes, and earthquakes.",I can analyze maps to identify and explain patterns in major Earth features and events.,What can spatial patterns reveal about Earth?,Essential,4.ESS2.2,Not Applicable,4-ESS2-2,B1; B2; C2; D1; D2; D4,Direct,Direct,"The Tennessee expectation is mapped to the closest NGSS 3–5 performance expectation; where grade labels differ, the shared DCI/practice is documented.",Grade 3 map and pattern skills,MS-ESS2-2 extension after Grade 5 readiness,Layered map pattern analysis,TN Science 2022 PDF p.42,Draft—Head of School Review,Head of School,8
FF.G4.SCI.16,4,Grades 4–5,Science,Earth Science—Organisms & Land,Explain how organisms alter regions,Use examples to support a claim that organisms change physical characteristics of their environment.,I can support a claim about how an organism changes its physical environment.,How do living things act as agents of environmental change?,Essential,4.ESS2.3,Not Applicable,5-ESS2-1,B1; B2; C2; D1; D2; D4,Direct,Direct,"The Tennessee expectation is mapped to the closest NGSS 3–5 performance expectation; where grade labels differ, the shared DCI/practice is documented.",Grade 3 organism-environment relationships,5.ESS2.1 and advanced Grade 5 pathway,Local example case study,TN Science 2022 PDF p.42,Draft—Head of School Review,Head of School,8
FF.G4.SCI.17,4,Grades 4–5,Science,Earth Science—Resources,Classify natural resources,"Describe how energy, fuels, and materials come from renewable and nonrenewable resources.",I can classify resources as renewable or nonrenewable and explain how people use them.,How do resource choices connect natural systems and human needs?,Essential,4.ESS3.1,Not Applicable,4-ESS3-1,B1; B2; C2; D1; D2; D4,Direct,Direct,"The Tennessee expectation is mapped to the closest NGSS 3–5 performance expectation; where grade labels differ, the shared DCI/practice is documented.",Grade 3 human use of resources,5.ESS3 and advanced Grade 5 pathway,Resource-use infographic with evidence,TN Science 2022 PDF p.42,Draft—Head of School Review,Head of School,8
FF.G4.SCI.18,4,Grades 4–5,Science,Earth Science—Human Impact,Evaluate effects of human activity,Use research evidence to argue how human actions can affect land and ocean positively or negatively.,I can use research evidence to argue how a human activity affects land or ocean systems.,How can people reduce harm while meeting human needs?,Essential,4.ESS3.2,Not Applicable,4-ESS3-2,B1; B2; C2; D1; D2; D4,Direct,Direct,"The Tennessee expectation is mapped to the closest NGSS 3–5 performance expectation; where grade labels differ, the shared DCI/practice is documented.",Grade 3 environmental solutions,5.ESS3 and advanced Grade 5 pathway,Evidence-based environmental position brief,TN Science 2022 PDF p.42,Draft—Head of School Review,Head of School,8
FF.G4.SCI.19,4,Grades 4–5,Science,Engineering Design,Test and compare design solutions,Evaluate solutions by testing and comparing performance against criteria and constraints.,I can test design solutions and use results to judge which best meets criteria and constraints.,How does evidence improve an engineering decision?,Essential,4.ETS1.1,Not Applicable,3-5-ETS1-3,B1; B2; C2; D1; D2; D4,Direct,Direct,"The Tennessee expectation is mapped to the closest NGSS 3–5 performance expectation; where grade labels differ, the shared DCI/practice is documented.",Grade 3 define/design/test cycle,5.ETS and advanced Grade 5 pathway,Comparative design challenge,TN Science 2022 PDF p.42,Draft—Head of School Review,Head of School,8
FF.G4.SCI.20,4,Grades 4–5,Science,Technology & Society,Evaluate technology improvement,"Explain how technologies are designed or improved to increase benefits, reduce risks, and meet needs.","I can explain how a technology was improved to increase benefits, reduce risks, or meet a need.",How should society judge whether a technology is an improvement?,Essential,4.ETS2.1,Not Applicable,3-5-ETS1-1,B1; B2; C2; D1; D2; D4,Direct,Direct,"The Tennessee expectation is mapped to the closest NGSS 3–5 performance expectation; where grade labels differ, the shared DCI/practice is documented.",Grade 3 technology-purpose connections,5.ETS and advanced Grade 5 pathway,Technology redesign case study,TN Science 2022 PDF p.43,Draft—Head of School Review,Head of School,8
FF.G4.SS.01,4,Grades 4–5,Social Studies,Social Studies Practices,Gather inquiry sources,"Gather relevant information from varied primary and secondary sources, including print, artifacts, graphics, media, technology, and oral history.",I can gather useful primary and secondary sources for a focused historical question.,Which sources can help answer a historical question?,Essential,SSP.01,CCSS.ELA-LITERACY.RI.4.7; CCSS.ELA-LITERACY.W.4.7,Not Applicable,B1; B2; C2; D1; D2; D4,Direct,Supporting,"Tennessee content is primary; Common Core ELA standards support disciplinary reading, writing, speaking, and inquiry. NGSS is not applicable.",Grade 3 inquiry and source gathering,Grade 5 independent source selection,Inquiry source set with relevance notes,TN Social Studies 2024 PDF p.55,Draft—Head of School Review,Head of School,9
FF.G4.SS.02,4,Grades 4–5,Social Studies,Social Studies Practices,Critically examine sources,"Summarize, distinguish fact from opinion, infer, and evaluate purpose, viewpoint, and reliability.","I can examine a source for key ideas, fact and opinion, inference, purpose, viewpoint, and reliability.",How do we decide what a source can reliably tell us?,Essential,SSP.02,CCSS.ELA-LITERACY.RI.4.1; CCSS.ELA-LITERACY.RI.4.6; CCSS.ELA-LITERACY.RI.4.8,Not Applicable,B1; B2; C2; D1; D2; D4,Direct,Supporting,"Tennessee content is primary; Common Core ELA standards support disciplinary reading, writing, speaking, and inquiry. NGSS is not applicable.",Grade 3 source observation,Grade 5 corroboration and sourcing,Annotated primary-source analysis,TN Social Studies 2024 PDF p.55,Draft—Head of School Review,Head of School,10
FF.G4.SS.03,4,Grades 4–5,Social Studies,Social Studies Practices,Organize and compare evidence,"Organize data, compare accounts, recognize differences, and generate further questions.",I can organize and compare evidence from multiple sources and identify questions that remain.,How can differences among sources improve an investigation?,Essential,SSP.03,CCSS.ELA-LITERACY.RI.4.9; CCSS.ELA-LITERACY.W.4.8,Not Applicable,B1; B2; C2; D1; D2; D4,Direct,Supporting,"Tennessee content is primary; Common Core ELA standards support disciplinary reading, writing, speaking, and inquiry. NGSS is not applicable.",Grade 3 compare sources,Grade 5 multi-source synthesis,Source comparison matrix and next-question memo,TN Social Studies 2024 PDF p.55,Draft—Head of School Review,Head of School,9
FF.G4.SS.04,4,Grades 4–5,Social Studies,Social Studies Practices,Communicate evidence-based conclusions,"Defend ideas with evidence, compare viewpoints, explain cause/effect, predict outcomes, and practice civil discourse.",I can communicate and defend a conclusion with evidence while responding respectfully to other viewpoints.,How should evidence and civic discourse shape a conclusion?,Essential,SSP.04,CCSS.ELA-LITERACY.W.4.1; CCSS.ELA-LITERACY.SL.4.1; CCSS.ELA-LITERACY.SL.4.4,Not Applicable,B1; B2; C2; D1; D2; D4,Direct,Supporting,"Tennessee content is primary; Common Core ELA standards support disciplinary reading, writing, speaking, and inquiry. NGSS is not applicable.",Grade 3 evidence-based communication,Grade 5 sustained historical argument,Civic seminar or evidence-based presentation,TN Social Studies 2024 PDF p.56,Draft—Head of School Review,Head of School,10
FF.G4.SS.05,4,Grades 4–5,Social Studies,Social Studies Practices,Develop historical awareness,"Analyze continuity, change, context, and how accounts of the past change over time.",I can explain continuity and change and interpret an event within its historical context.,How does context influence what people did and how history is told?,Essential,SSP.05,CCSS.ELA-LITERACY.RI.4.6; CCSS.ELA-LITERACY.RI.4.9,Not Applicable,B1; B2; C2; D1; D2; D4,Direct,Supporting,"Tennessee content is primary; Common Core ELA standards support disciplinary reading, writing, speaking, and inquiry. NGSS is not applicable.",Grade 3 chronology and perspectives,Grade 5 historical causation and context,Then-and-now analysis with contextual evidence,TN Social Studies 2024 PDF p.56,Draft—Head of School Review,Head of School,9
FF.G4.SS.06,4,Grades 4–5,Social Studies,Social Studies Practices,Develop geographic awareness,"Use maps and spatial reasoning to analyze relationships among people, resources, regions, and environments.","I can select and interpret maps to explain relationships among people, resources, and environments.",How does geography shape choices and historical outcomes?,Essential,SSP.06,CCSS.ELA-LITERACY.RI.4.7,Not Applicable,B1; B2; C2; D1; D2; D4,Direct,Supporting,"Tennessee content is primary; Common Core ELA standards support disciplinary reading, writing, speaking, and inquiry. NGSS is not applicable.",Grade 3 map features and human-environment interaction,Grade 5 Tennessee and world geography,Geographic argument using two maps,TN Social Studies 2024 PDF p.56,Draft—Head of School Review,Head of School,8
FF.G4.SS.07,4,Grades 4–5,Social Studies,U.S. Before the Civil War,Analyze sectional conflict and enslavement,"Analyze regional differences, the national conflict over enslavement, lived experiences, abolitionist approaches, and the election of 1860.",I can use evidence to explain how sectional differences and conflict over enslavement contributed to the Civil War.,Why did sectional conflict become a national crisis?,Essential,4.01; 4.02; 4.03; 4.04; 4.05,CCSS.ELA-LITERACY.RI.4.1; CCSS.ELA-LITERACY.RI.4.9; CCSS.ELA-LITERACY.W.4.2,Not Applicable,B1; B2; C2; D1; D2; D4,Direct,Supporting,"Tennessee content is primary; Common Core ELA standards support disciplinary reading, writing, speaking, and inquiry. NGSS is not applicable.",Grade 3 expansion and industrial change,Grade 5 Tennessee history and geographic context,Sectional perspectives evidence portfolio,TN Social Studies 2024 PDF pp.57–58,Draft—Head of School Review,Head of School,14
FF.G4.SS.08,4,Grades 4–5,Social Studies,Civil War,"Explain causes, strategies, leadership, and turning points","Evaluate secession, border states, geographic strategy, leaders, contributions, battles, emancipation, and the Gettysburg Address.","I can explain how geography, leadership, strategy, and key events shaped the Civil War.",Which factors most influenced the course of the Civil War?,Essential,4.06; 4.07; 4.08; 4.09; 4.10; 4.11; 4.12; 4.13,CCSS.ELA-LITERACY.RI.4.3; CCSS.ELA-LITERACY.RI.4.7; CCSS.ELA-LITERACY.W.4.2,Not Applicable,B1; B2; C2; D1; D2; D4,Direct,Supporting,"Tennessee content is primary; Common Core ELA standards support disciplinary reading, writing, speaking, and inquiry. NGSS is not applicable.",Antebellum conflict competency,Grade 5 Tennessee Civil War connections,Annotated campaign map and turning-point defense,TN Social Studies 2024 PDF p.59,Draft—Head of School Review,Head of School,17
FF.G4.SS.09,4,Grades 4–5,Social Studies,Reconstruction,Evaluate consequences and Reconstruction,"Analyze postwar consequences, Lincoln’s assassination, constitutional amendments, competing plans, and the end of Reconstruction.","I can evaluate the successes, limits, and lasting consequences of Reconstruction.",To what extent did Reconstruction transform rights and citizenship?,Essential,4.14; 4.15; 4.16; 4.17; 4.18,CCSS.ELA-LITERACY.RI.4.1; CCSS.ELA-LITERACY.RI.4.9; CCSS.ELA-LITERACY.W.4.1,Not Applicable,B1; B2; C2; D1; D2; D4,Direct,Supporting,"Tennessee content is primary; Common Core ELA standards support disciplinary reading, writing, speaking, and inquiry. NGSS is not applicable.",Civil War course and outcomes,Grade 5 Tennessee Reconstruction and civics,Reconstruction scorecard with evidence,TN Social Studies 2024 PDF p.60,Draft—Head of School Review,Head of School,14
FF.G4.SS.10,4,Grades 4–5,Social Studies,Industrialization & Great Plains,"Explain settlement, innovation, industry, and labor","Analyze Great Plains settlement, transportation and inventions, industrial capitalism, working conditions, labor unions, entrepreneurs, and inventors.","I can explain how settlement, technology, business, and labor changed U.S. society after the Civil War.",Who benefited—and who faced new challenges—as the nation industrialized?,Essential,4.19; 4.20; 4.21; 4.22; 4.23; 4.24,CCSS.ELA-LITERACY.RI.4.3; CCSS.ELA-LITERACY.RI.4.9,Not Applicable,B1; B2; C2; D1; D2; D4,Direct,Supporting,"Tennessee content is primary; Common Core ELA standards support disciplinary reading, writing, speaking, and inquiry. NGSS is not applicable.",Reconstruction and westward context,Grade 5 Tennessee economic/geographic development,Industrial-era stakeholder exhibition,TN Social Studies 2024 PDF p.61,Draft—Head of School Review,Head of School,14
FF.G4.SS.11,4,Grades 4–5,Social Studies,Gilded Age & Progressive Era,"Analyze immigration, expansion, and reform","Examine immigration experiences, the Spanish-American War, and Progressive reform goals and achievements.","I can compare how immigration, overseas expansion, and reform changed the United States.",How did Americans respond to the opportunities and problems of a changing nation?,Essential,4.25; 4.26; 4.27,CCSS.ELA-LITERACY.RI.4.6; CCSS.ELA-LITERACY.RI.4.9; CCSS.ELA-LITERACY.W.4.1,Not Applicable,B1; B2; C2; D1; D2; D4,Direct,Supporting,"Tennessee content is primary; Common Core ELA standards support disciplinary reading, writing, speaking, and inquiry. NGSS is not applicable.",Industrialization competency,"Grade 5 civic, economic, and migration connections",Reform-era inquiry with multiple perspectives,TN Social Studies 2024 PDF pp.61–62,Draft—Head of School Review,Head of School,12
FF.G4.SS.12,4,Grades 4–5,Social Studies,World War I,"Explain U.S. entry, alliances, impact, and peace debate","Summarize causes of U.S. entry, map alliances, describe U.S. impact, and analyze Treaty of Versailles and League of Nations debates.",I can explain why the United States entered World War I and evaluate its role in war and peace.,How did World War I change the United States’ role in world affairs?,Essential,4.28; 4.29; 4.30; 4.31,CCSS.ELA-LITERACY.RI.4.3; CCSS.ELA-LITERACY.RI.4.7; CCSS.ELA-LITERACY.W.4.1,Not Applicable,B1; B2; C2; D1; D2; D4,Direct,Supporting,"Tennessee content is primary; Common Core ELA standards support disciplinary reading, writing, speaking, and inquiry. NGSS is not applicable.",Imperialism and global geography,Grade 5 global geography and civic decision-making,Alliance map and Senate debate simulation,TN Social Studies 2024 PDF p.63,Draft—Head of School Review,Head of School,13
FF.G4.SS.13,4,Grades 4–5,Social Studies,1920s & Economics,"Connect popular culture, scarcity, supply, and demand","Examine growth of popular culture and explain how scarcity, supply, and demand affect prices.","I can explain how new culture, consumer goods, scarcity, supply, and demand shaped life in the 1920s.",How do culture and economic choices influence one another?,Essential,4.32; 4.33,CCSS.ELA-LITERACY.RI.4.3; CCSS.ELA-LITERACY.RI.4.7,Not Applicable,B1; B2; C2; D1; D2; D4,Direct,Supporting,"Tennessee content is primary; Common Core ELA standards support disciplinary reading, writing, speaking, and inquiry. NGSS is not applicable.",Industrialization and World War I,Grade 5 economic reasoning and Tennessee culture,1920s consumer-culture exhibit with price model,TN Social Studies 2024 PDF pp.63–64,Draft—Head of School Review,Head of School,10
FF.G4.SS.14,4,Grades 4–5,Social Studies,Great Depression & New Deal,"Analyze causes, impacts, and government response",Identify causes and human impacts of the Great Depression and evaluate major New Deal programs.,I can explain causes and impacts of the Great Depression and evaluate how New Deal policies responded.,What responsibilities should government assume during an economic crisis?,Essential,4.34; 4.35,CCSS.ELA-LITERACY.RI.4.1; CCSS.ELA-LITERACY.RI.4.9; CCSS.ELA-LITERACY.W.4.1,Not Applicable,B1; B2; C2; D1; D2; D4,Direct,Supporting,"Tennessee content is primary; Common Core ELA standards support disciplinary reading, writing, speaking, and inquiry. NGSS is not applicable.","Scarcity, supply, demand, and 1920s consumer culture",Grade 5 government/economics connections,New Deal policy recommendation supported by evidence,TN Social Studies 2024 PDF p.64,Draft—Head of School Review,Head of School,11
FF.G4.SS.15,4,Grades 4–5,Social Studies,World War II,"Analyze regimes, alliances, and U.S. entry","Explain German and Japanese government goals, map Axis and Allied powers, and evaluate Pearl Harbor’s significance.","I can explain how governments, alliances, geography, and Pearl Harbor shaped U.S. entry into World War II.",How do government goals and alliances turn conflict into world war?,Essential,4.36; 4.37; 4.38,CCSS.ELA-LITERACY.RI.4.3; CCSS.ELA-LITERACY.RI.4.7,Not Applicable,B1; B2; C2; D1; D2; D4,Direct,Supporting,"Tennessee content is primary; Common Core ELA standards support disciplinary reading, writing, speaking, and inquiry. NGSS is not applicable.",World War I and interwar instability,Grade 5 global geography and government systems,Geopolitical map briefing,TN Social Studies 2024 PDF p.65,Draft—Head of School Review,Head of School,11
FF.G4.SS.16,4,Grades 4–5,Social Studies,World War II,Evaluate the home front and Holocaust,"Explain propaganda, rationing, victory gardens, and the significance and consequences of the Holocaust.",I can evaluate how World War II affected people at home and explain the historical significance of the Holocaust.,How should societies respond when war threatens human rights and democratic values?,Essential,4.39; 4.40,CCSS.ELA-LITERACY.RI.4.1; CCSS.ELA-LITERACY.RI.4.6; CCSS.ELA-LITERACY.W.4.2,Not Applicable,B1; B2; C2; D1; D2; D4,Direct,Supporting,"Tennessee content is primary; Common Core ELA standards support disciplinary reading, writing, speaking, and inquiry. NGSS is not applicable.",World War II governments and U.S. entry,Grade 5 historical memory and civic responsibility,Curated home-front and human-rights exhibit,TN Social Studies 2024 PDF p.65,Draft—Head of School Review,Head of School,11
FF.G4.SS.17,4,Grades 4–5,Social Studies,Postwar United States,Explain postwar consumer and entertainment growth,"Examine suburbs, automobiles, highways, television, radio, and movies as features of postwar change.","I can explain how transportation, housing, consumer goods, and media changed U.S. life after World War II.",How did postwar growth reshape where and how Americans lived?,Essential,4.41,CCSS.ELA-LITERACY.RI.4.3; CCSS.ELA-LITERACY.RI.4.7,Not Applicable,B1; B2; C2; D1; D2; D4,Direct,Supporting,"Tennessee content is primary; Common Core ELA standards support disciplinary reading, writing, speaking, and inquiry. NGSS is not applicable.",World War II home front,Grade 5 Tennessee development and geography,Postwar community change map/story,TN Social Studies 2024 PDF p.66,Draft—Head of School Review,Head of School,9
FF.G4.SS.18,4,Grades 4–5,Social Studies,Civil Rights Movement,"Analyze people, events, legislation, and effects",Analyze major people and events of the Civil Rights Movement and explain the effects of landmark civil and voting rights laws.,"I can use evidence to explain how people, protest, court decisions, and laws advanced civil rights.",How can individuals and institutions create lasting social change?,Essential,4.42; 4.43,CCSS.ELA-LITERACY.RI.4.1; CCSS.ELA-LITERACY.RI.4.9; CCSS.ELA-LITERACY.W.4.1; CCSS.ELA-LITERACY.SL.4.4,Not Applicable,B1; B2; C2; D1; D2; D4,Direct,Supporting,"Tennessee content is primary; Common Core ELA standards support disciplinary reading, writing, speaking, and inquiry. NGSS is not applicable.",Reconstruction rights and citizenship,Grade 5 Tennessee civil rights connections and civics,Civil Rights Movement evidence-based exhibition,TN Social Studies 2024 PDF p.66,Draft—Head of School Review,Head of School,12